{"type": "metrics", "dataset": "train", "precision": 0.9569491525423729, "balanced_accuracy": 0.7947015963644746, "recall": 0.5972075312037233, "f1_score": 0.7354435326299336}
{"type": "metrics", "dataset": "test", "precision": 0.6612209802235598, "balanced_accuracy": 0.6736326579579587, "recall": 0.4028287061288633, "f1_score": 0.5006510416666666}
{"type": "cm_matrix", "dataset": "train", "true_0": {"predicted_0": 16146, "predicted_1": 127}, "true_1": {"predicted_0": 1904, "predicted_1": 2823}}
{"type": "cm_matrix", "dataset": "test", "true_0": {"predicted_0": 6697, "predicted_1": 394}, "true_1": {"predicted_0": 1140, "predicted_1": 769}}
